,Day,Plot,Treatment,Daily_mean,Weekly_average,Average_per_plot,,,,Week,Site,Treatment,Weekly_average
1,23/06/2016,10,"Light water, no cover",16,14.61011905,14.86698718,,,,1,10,"Light water, no cover",14.61011905
2,23/06/2016,11,"Saturated, cover",16.5,14.9672619,14.92788462,,,,1,11,"Saturated, cover",14.9672619
3,23/06/2016,12,"No water, no cover",17,15.09821429,14.84354968,,,,1,12,"No water, no cover",15.09821429
4,23/06/2016,13,"No water, no cover",17.5,15.98511905,15.07932692,,,,1,13,"No water, no cover",15.98511905
5,23/06/2016,14,Ambient,14.5,13.57738095,14.60456731,,,,1,14,Ambient,13.57738095
6,23/06/2016,15,"Saturated, cover",16.5,15.52678571,15.0849359,,,,1,15,"Saturated, cover",15.52678571
7,23/06/2016,16,Ambient,17.5,16.38988095,15.15144231,,,,1,16,Ambient,16.38988095
8,23/06/2016,17,"Nothing, disturbed, cover",16,15.28571429,14.70753205,,,,1,17,"Nothing, disturbed, cover",15.28571429
9,23/06/2016,18,"Nothing, disturbed, no cover",16.5,15.41369048,14.74839744,,,,1,18,"Nothing, disturbed, no cover",15.41369048
10,23/06/2016,2,"Saturated, no cover",15,14.52678571,14.67227564,,,,1,2,"Saturated, no cover",14.52678571
11,23/06/2016,3,"Nothing, disturbed, no cover",15.5,14.86309524,14.69350962,,,,1,3,"Nothing, disturbed, no cover",14.86309524
12,23/06/2016,4,"Nothing, disturbed, cover",16.5,15.46130952,14.78004808,,,,1,4,"Nothing, disturbed, cover",15.46130952
13,23/06/2016,5,"Light water, no cover",16,15.20535714,14.76802885,,,,1,5,"Light water, no cover",15.20535714
14,23/06/2016,6,"No water, cover",17.5,16.82142857,15.07011218,,,,1,6,"No water, cover",16.82142857
15,23/06/2016,8,"No water, cover",18,16.29761905,14.91866987,,,,1,8,"No water, cover",16.29761905
16,23/06/2016,9,"Saturated, no cover",17,15.6875,14.8193109,,,,1,9,"Saturated, no cover",15.6875
17,24/06/2016,10,"Light water, no cover",14.77083333,,,,,,2,10,"Light water, no cover",13.55654762
18,24/06/2016,11,"Saturated, cover",15.04166667,,,,,,2,11,"Saturated, cover",13.8422619
19,24/06/2016,12,"No water, no cover",15.47916667,,,,,,2,12,"No water, no cover",13.11755952
20,24/06/2016,13,"No water, no cover",16.20833333,,,,,,2,13,"No water, no cover",14.22023809
21,24/06/2016,14,Ambient,13.9375,,,,,,2,14,Ambient,13.33333333
22,24/06/2016,15,"Saturated, cover",15.625,,,,,,2,15,"Saturated, cover",14.42857143
23,24/06/2016,16,Ambient,16.85416667,,,,,,2,16,Ambient,14.35416667
24,24/06/2016,17,"Nothing, disturbed, cover",15.9375,,,,,,2,17,"Nothing, disturbed, cover",14.00892857
25,24/06/2016,18,"Nothing, disturbed, no cover",15.8125,,,,,,2,18,"Nothing, disturbed, no cover",13.77083333
26,24/06/2016,2,"Saturated, no cover",14.64583333,,,,,,2,2,"Saturated, no cover",13.83035714
27,24/06/2016,3,"Nothing, disturbed, no cover",15.20833333,,,,,,2,3,"Nothing, disturbed, no cover",13.92261905
28,24/06/2016,4,"Nothing, disturbed, cover",15.9375,,,,,,2,4,"Nothing, disturbed, cover",14.42261905
29,24/06/2016,5,"Light water, no cover",15.3125,,,,,,2,5,"Light water, no cover",14.59821429
30,24/06/2016,6,"No water, cover",17.14583333,,,,,,2,6,"No water, cover",15.35119048
31,24/06/2016,8,"No water, cover",16.72916667,,,,,,2,8,"No water, cover",14.57440476
32,24/06/2016,9,"Saturated, no cover",15.89583333,,,,,,2,9,"Saturated, no cover",14.24107143
33,25/06/2016,10,"Light water, no cover",14.20833333,,,,,,3,10,"Light water, no cover",16.47916667
34,25/06/2016,11,"Saturated, cover",14.83333333,,,,,,3,11,"Saturated, cover",16.34821429
35,25/06/2016,12,"No water, no cover",14.66666667,,,,,,3,12,"No water, no cover",16.4672619
36,25/06/2016,13,"No water, no cover",15.20833333,,,,,,3,13,"No water, no cover",16.50297619
37,25/06/2016,14,Ambient,13.20833333,,,,,,3,14,Ambient,16.47023809
38,25/06/2016,15,"Saturated, cover",15.29166667,,,,,,3,15,"Saturated, cover",16.56547619
39,25/06/2016,16,Ambient,15.85416667,,,,,,3,16,Ambient,16.6577381
40,25/06/2016,17,"Nothing, disturbed, cover",14.66666667,,,,,,3,17,"Nothing, disturbed, cover",16.65178572
41,25/06/2016,18,"Nothing, disturbed, no cover",14.875,,,,,,3,18,"Nothing, disturbed, no cover",16.86309524
42,25/06/2016,2,"Saturated, no cover",14.04166667,,,,,,3,2,"Saturated, no cover",17.15773809
43,25/06/2016,3,"Nothing, disturbed, no cover",14.25,,,,,,3,3,"Nothing, disturbed, no cover",16.92559524
44,25/06/2016,4,"Nothing, disturbed, cover",15.0625,,,,,,3,4,"Nothing, disturbed, cover",16.61309524
45,25/06/2016,5,"Light water, no cover",14.6875,,,,,,3,5,"Light water, no cover",16.80357143
46,25/06/2016,6,"No water, cover",16.125,,,,,,3,6,"No water, cover",16.74404762
47,25/06/2016,8,"No water, cover",15.77083333,,,,,,3,8,"No water, cover",16.76488095
48,25/06/2016,9,"Saturated, no cover",15.16666667,,,,,,3,9,"Saturated, no cover",16.96130952
49,26/06/2016,10,"Light water, no cover",13.875,,,,,,4,10,"Light water, no cover",17.56547619
50,26/06/2016,11,"Saturated, cover",14.04166667,,,,,,4,11,"Saturated, cover",17.64880953
51,26/06/2016,12,"No water, no cover",14.375,,,,,,4,12,"No water, no cover",17.74404762
52,26/06/2016,13,"No water, no cover",15.33333333,,,,,,4,13,"No water, no cover",17.9047619
53,26/06/2016,14,Ambient,13.1875,,,,,,4,14,Ambient,17.78273809
54,26/06/2016,15,"Saturated, cover",14.6875,,,,,,4,15,"Saturated, cover",17.66369048
55,26/06/2016,16,Ambient,15.83333333,,,,,,4,16,Ambient,17.25892857
56,26/06/2016,17,"Nothing, disturbed, cover",14.95833333,,,,,,4,17,"Nothing, disturbed, cover",17.25892857
57,26/06/2016,18,"Nothing, disturbed, no cover",14.85416667,,,,,,4,18,"Nothing, disturbed, no cover",17.13690476
58,26/06/2016,2,"Saturated, no cover",14.02083333,,,,,,4,2,"Saturated, no cover",16.98809524
59,26/06/2016,3,"Nothing, disturbed, no cover",14.52083333,,,,,,4,3,"Nothing, disturbed, no cover",16.88690476
60,26/06/2016,4,"Nothing, disturbed, cover",14.9375,,,,,,4,4,"Nothing, disturbed, cover",16.91964286
61,26/06/2016,5,"Light water, no cover",14.66666667,,,,,,4,5,"Light water, no cover",16.97619048
62,26/06/2016,6,"No water, cover",16.375,,,,,,4,6,"No water, cover",16.76785714
63,26/06/2016,8,"No water, cover",15.66666667,,,,,,4,8,"No water, cover",16.93452381
64,26/06/2016,9,"Saturated, no cover",14.95833333,,,,,,4,9,"Saturated, no cover",16.89583333
65,27/06/2016,10,"Light water, no cover",14.45833333,,,,,,5,10,"Light water, no cover",13.86607143
66,27/06/2016,11,"Saturated, cover",14.83333333,,,,,,5,11,"Saturated, cover",14.05357143
67,27/06/2016,12,"No water, no cover",14.75,,,,,,5,12,"No water, no cover",13.99404762
68,27/06/2016,13,"No water, no cover",15.66666667,,,,,,5,13,"No water, no cover",13.79166667
69,27/06/2016,14,Ambient,13.375,,,,,,5,14,Ambient,13.98809524
70,27/06/2016,15,"Saturated, cover",15.45833333,,,,,,5,15,"Saturated, cover",13.92559524
71,27/06/2016,16,Ambient,16.20833333,,,,,,5,16,Ambient,14.22619048
72,27/06/2016,17,"Nothing, disturbed, cover",15.125,,,,,,5,17,"Nothing, disturbed, cover",14.1577381
73,27/06/2016,18,"Nothing, disturbed, no cover",15.29166667,,,,,,5,18,"Nothing, disturbed, no cover",14.39285714
74,27/06/2016,2,"Saturated, no cover",14.54166667,,,,,,5,2,"Saturated, no cover",14.36904762
75,27/06/2016,3,"Nothing, disturbed, no cover",14.72916667,,,,,,5,3,"Nothing, disturbed, no cover",14.25
76,27/06/2016,4,"Nothing, disturbed, cover",15.22916667,,,,,,5,4,"Nothing, disturbed, cover",14.54761905
77,27/06/2016,5,"Light water, no cover",15.02083333,,,,,,5,5,"Light water, no cover",14.31845238
78,27/06/2016,6,"No water, cover",16.8125,,,,,,5,6,"No water, cover",14.47916667
79,27/06/2016,8,"No water, cover",16,,,,,,5,8,"No water, cover",14.29166667
80,27/06/2016,9,"Saturated, no cover",15.5625,,,,,,5,9,"Saturated, no cover",14.36011905
81,28/06/2016,10,"Light water, no cover",14.47916667,,,,,,6,10,"Light water, no cover",14.75
82,28/06/2016,11,"Saturated, cover",14.64583333,,,,,,6,11,"Saturated, cover",14.85714286
83,28/06/2016,12,"No water, no cover",14.625,,,,,,6,12,"No water, no cover",14.88392857
84,28/06/2016,13,"No water, no cover",15.72916667,,,,,,6,13,"No water, no cover",15.03869048
85,28/06/2016,14,Ambient,13.375,,,,,,6,14,Ambient,15.2797619
86,28/06/2016,15,"Saturated, cover",15.33333333,,,,,,6,15,"Saturated, cover",15.45535714
87,28/06/2016,16,Ambient,16.14583333,,,,,,6,16,Ambient,15.4702381
88,28/06/2016,17,"Nothing, disturbed, cover",14.83333333,,,,,,6,17,"Nothing, disturbed, cover",15.33035714
89,28/06/2016,18,"Nothing, disturbed, no cover",15.20833333,,,,,,6,18,"Nothing, disturbed, no cover",15.29166667
90,28/06/2016,2,"Saturated, no cover",14.5625,,,,,,6,2,"Saturated, no cover",15.27083333
91,28/06/2016,3,"Nothing, disturbed, no cover",14.75,,,,,,6,3,"Nothing, disturbed, no cover",15.07738095
92,28/06/2016,4,"Nothing, disturbed, cover",15,,,,,,6,4,"Nothing, disturbed, cover",14.82142857
93,28/06/2016,5,"Light water, no cover",15.125,,,,,,6,5,"Light water, no cover",14.59523809
94,28/06/2016,6,"No water, cover",16.52083333,,,,,,6,6,"No water, cover",14.5327381
95,28/06/2016,8,"No water, cover",15.77083333,,,,,,6,8,"No water, cover",14.69047619
96,28/06/2016,9,"Saturated, no cover",15.54166667,,,,,,6,9,"Saturated, no cover",14.51488095
97,29/06/2016,10,"Light water, no cover",14.47916667,,,,,,7,10,"Light water, no cover",14.89166667
98,29/06/2016,11,"Saturated, cover",14.875,,,,,,7,11,"Saturated, cover",14.72708333
99,29/06/2016,12,"No water, no cover",14.79166667,,,,,,7,12,"No water, no cover",14.8125
100,29/06/2016,13,"No water, no cover",16.25,,,,,,7,13,"No water, no cover",14.55208333
101,29/06/2016,14,Ambient,13.45833333,,,,,,7,14,Ambient,14.55416667
102,29/06/2016,15,"Saturated, cover",15.79166667,,,,,,7,15,"Saturated, cover",14.38125
103,29/06/2016,16,Ambient,16.33333333,,,,,,7,16,Ambient,14.61666667
104,29/06/2016,17,"Nothing, disturbed, cover",15.47916667,,,,,,7,17,"Nothing, disturbed, cover",14.575
105,29/06/2016,18,"Nothing, disturbed, no cover",15.35416667,,,,,,7,18,"Nothing, disturbed, no cover",14.51458333
106,29/06/2016,2,"Saturated, no cover",14.875,,,,,,7,2,"Saturated, no cover",14.89166667
107,29/06/2016,3,"Nothing, disturbed, no cover",15.08333333,,,,,,7,3,"Nothing, disturbed, no cover",14.70625
108,29/06/2016,4,"Nothing, disturbed, cover",15.5625,,,,,,7,4,"Nothing, disturbed, cover",13.55416667
109,29/06/2016,5,"Light water, no cover",15.625,,,,,,7,5,"Light water, no cover",13.60416667
110,29/06/2016,6,"No water, cover",17.27083333,,,,,,7,6,"No water, cover",13.77916667
111,29/06/2016,8,"No water, cover",16.14583333,,,,,,7,8,"No water, cover",13.66041667
112,29/06/2016,9,"Saturated, no cover",15.6875,,,,,,7,9,"Saturated, no cover",13.52708333
113,30/06/2016,10,"Light water, no cover",14.35416667,13.55654762,,,,,,,,
114,30/06/2016,11,"Saturated, cover",14.60416667,13.8422619,,,,,,,,
115,30/06/2016,12,"No water, no cover",14.3125,13.11755952,,,,,,,,
116,30/06/2016,13,"No water, no cover",15.29166667,14.22023809,,,,,,,,
117,30/06/2016,14,Ambient,13.3125,13.33333333,,,,,,,,
118,30/06/2016,15,"Saturated, cover",15.41666667,14.42857143,,,,,,,,
119,30/06/2016,16,Ambient,15.47916667,14.35416667,,,,,,,,
120,30/06/2016,17,"Nothing, disturbed, cover",14.41666667,14.00892857,,,,,,,,
121,30/06/2016,18,"Nothing, disturbed, no cover",14.64583333,13.77083333,,,,,,,,
122,30/06/2016,2,"Saturated, no cover",14.375,13.83035714,,,,,,,,
123,30/06/2016,3,"Nothing, disturbed, no cover",14.41666667,13.92261905,,,,,,,,
124,30/06/2016,4,"Nothing, disturbed, cover",14.77083333,14.42261905,,,,,,,,
125,30/06/2016,5,"Light water, no cover",14.8125,14.59821429,,,,,,,,
126,30/06/2016,6,"No water, cover",16.20833333,15.35119048,,,,,,,,
127,30/06/2016,8,"No water, cover",15.4375,14.57440476,,,,,,,,
128,30/06/2016,9,"Saturated, no cover",15.52083333,14.24107143,,,,,,,,
129,01/07/2016,10,"Light water, no cover",13.1875,,,,,,,,,
130,01/07/2016,11,"Saturated, cover",13.625,,,,,,,,,
131,01/07/2016,12,"No water, no cover",13.04166667,,,,,,,,,
132,01/07/2016,13,"No water, no cover",14.25,,,,,,,,,
133,01/07/2016,14,Ambient,12.4375,,,,,,,,,
134,01/07/2016,15,"Saturated, cover",14.41666667,,,,,,,,,
135,01/07/2016,16,Ambient,14.25,,,,,,,,,
136,01/07/2016,17,"Nothing, disturbed, cover",14.125,,,,,,,,,
137,01/07/2016,18,"Nothing, disturbed, no cover",13.58333333,,,,,,,,,
138,01/07/2016,2,"Saturated, no cover",13.52083333,,,,,,,,,
139,01/07/2016,3,"Nothing, disturbed, no cover",13.4375,,,,,,,,,
140,01/07/2016,4,"Nothing, disturbed, cover",14.20833333,,,,,,,,,
141,01/07/2016,5,"Light water, no cover",14.1875,,,,,,,,,
142,01/07/2016,6,"No water, cover",15.70833333,,,,,,,,,
143,01/07/2016,8,"No water, cover",14.77083333,,,,,,,,,
144,01/07/2016,9,"Saturated, no cover",14.25,,,,,,,,,
145,02/07/2016,10,"Light water, no cover",13.10416667,,,,,,,,,
146,02/07/2016,11,"Saturated, cover",13.375,,,,,,,,,
147,02/07/2016,12,"No water, no cover",12.89583333,,,,,,,,,
148,02/07/2016,13,"No water, no cover",14,,,,,,,,,
149,02/07/2016,14,Ambient,12.3125,,,,,,,,,
150,02/07/2016,15,"Saturated, cover",13.91666667,,,,,,,,,
151,02/07/2016,16,Ambient,13.77083333,,,,,,,,,
152,02/07/2016,17,"Nothing, disturbed, cover",13.27083333,,,,,,,,,
153,02/07/2016,18,"Nothing, disturbed, no cover",13.20833333,,,,,,,,,
154,02/07/2016,2,"Saturated, no cover",13.25,,,,,,,,,
155,02/07/2016,3,"Nothing, disturbed, no cover",13.20833333,,,,,,,,,
156,02/07/2016,4,"Nothing, disturbed, cover",13.47916667,,,,,,,,,
157,02/07/2016,5,"Light water, no cover",13.70833333,,,,,,,,,
158,02/07/2016,6,"No water, cover",14.72916667,,,,,,,,,
159,02/07/2016,8,"No water, cover",14.0625,,,,,,,,,
160,02/07/2016,9,"Saturated, no cover",14.04166667,,,,,,,,,
161,03/07/2016,10,"Light water, no cover",11.60416667,,,,,,,,,
162,03/07/2016,11,"Saturated, cover",12.02083333,,,,,,,,,
163,03/07/2016,12,"No water, no cover",11.10416667,,,,,,,,,
164,03/07/2016,13,"No water, no cover",12.02083333,,,,,,,,,
165,03/07/2016,14,Ambient,11.16666667,,,,,,,,,
166,03/07/2016,15,"Saturated, cover",12.375,,,,,,,,,
167,03/07/2016,16,Ambient,11.8125,,,,,,,,,
168,03/07/2016,17,"Nothing, disturbed, cover",12.04166667,,,,,,,,,
169,03/07/2016,18,"Nothing, disturbed, no cover",11.35416667,,,,,,,,,
170,03/07/2016,2,"Saturated, no cover",11.66666667,,,,,,,,,
171,03/07/2016,3,"Nothing, disturbed, no cover",11.60416667,,,,,,,,,
172,03/07/2016,4,"Nothing, disturbed, cover",12.16666667,,,,,,,,,
173,03/07/2016,5,"Light water, no cover",12.08333333,,,,,,,,,
174,03/07/2016,6,"No water, cover",13.04166667,,,,,,,,,
175,03/07/2016,8,"No water, cover",12.5625,,,,,,,,,
176,03/07/2016,9,"Saturated, no cover",12.375,,,,,,,,,
177,04/07/2016,10,"Light water, no cover",13.125,,,,,,,,,
178,04/07/2016,11,"Saturated, cover",12.77083333,,,,,,,,,
179,04/07/2016,12,"No water, no cover",10.59375,,,,,,,,,
180,04/07/2016,13,"No water, no cover",14.83333333,,,,,,,,,
181,04/07/2016,14,Ambient,12.45833333,,,,,,,,,
182,04/07/2016,15,"Saturated, cover",13.8125,,,,,,,,,
183,04/07/2016,16,Ambient,14.3125,,,,,,,,,
184,04/07/2016,17,"Nothing, disturbed, cover",14.27083333,,,,,,,,,
185,04/07/2016,18,"Nothing, disturbed, no cover",13.77083333,,,,,,,,,
186,04/07/2016,2,"Saturated, no cover",13.625,,,,,,,,,
187,04/07/2016,3,"Nothing, disturbed, no cover",13.97916667,,,,,,,,,
188,04/07/2016,4,"Nothing, disturbed, cover",14.375,,,,,,,,,
189,04/07/2016,5,"Light water, no cover",14.125,,,,,,,,,
190,04/07/2016,6,"No water, cover",15.89583333,,,,,,,,,
191,04/07/2016,8,"No water, cover",14.35416667,,,,,,,,,
192,04/07/2016,9,"Saturated, no cover",14.1875,,,,,,,,,
193,05/07/2016,10,"Light water, no cover",14.64583333,,,,,,,,,
194,05/07/2016,11,"Saturated, cover",14.89583333,,,,,,,,,
195,05/07/2016,12,"No water, no cover",16.375,,,,,,,,,
196,05/07/2016,13,"No water, no cover",13.52083333,,,,,,,,,
197,05/07/2016,14,Ambient,15.85416667,,,,,,,,,
198,05/07/2016,15,"Saturated, cover",16.16666667,,,,,,,,,
199,05/07/2016,16,Ambient,15.54166667,,,,,,,,,
200,05/07/2016,17,"Nothing, disturbed, cover",15.4375,,,,,,,,,
201,05/07/2016,18,"Nothing, disturbed, no cover",14.95833333,,,,,,,,,
202,05/07/2016,2,"Saturated, no cover",15.27083333,,,,,,,,,
203,05/07/2016,3,"Nothing, disturbed, no cover",15.85416667,,,,,,,,,
204,05/07/2016,4,"Nothing, disturbed, cover",15.4375,,,,,,,,,
205,05/07/2016,5,"Light water, no cover",17.54166667,,,,,,,,,
206,05/07/2016,6,"No water, cover",16.20833333,,,,,,,,,
207,05/07/2016,8,"No water, cover",15.95833333,,,,,,,,,
208,06/07/2016,9,"Saturated, no cover",14.625,,,,,,,,,
209,06/07/2016,10,"Light water, no cover",14.875,,,,,,,,,
210,06/07/2016,11,"Saturated, cover",15.60416667,,,,,,,,,
211,06/07/2016,12,"No water, no cover",13.5,,,,,,,,,
212,06/07/2016,13,"No water, no cover",15.625,,,,,,,,,
213,06/07/2016,14,Ambient,15.79166667,,,,,,,,,
214,06/07/2016,15,"Saturated, cover",14.89583333,,,,,,,,,
215,06/07/2016,16,Ambient,15.3125,,,,,,,,,
216,06/07/2016,17,"Nothing, disturbed, cover",14.5,,,,,,,,,
217,06/07/2016,18,"Nothing, disturbed, no cover",14.875,,,,,,,,,
218,06/07/2016,2,"Saturated, no cover",15.10416667,,,,,,,,,
219,06/07/2016,3,"Nothing, disturbed, no cover",14.95833333,,,,,,,,,
220,06/07/2016,4,"Nothing, disturbed, cover",16.52083333,,,,,,,,,
221,06/07/2016,5,"Light water, no cover",15.72916667,,,,,,,,,
222,06/07/2016,6,"No water, cover",15.66666667,,,,,,,,,
223,07/07/2016,8,"No water, cover",14.875,,,,,,,,,
224,07/07/2016,9,"Saturated, no cover",14.6875,,,,,,,,,
225,07/07/2016,10,"Light water, no cover",16.27083333,16.47916667,,,,,,,,
226,07/07/2016,11,"Saturated, cover",13.91666667,16.34821429,,,,,,,,
227,07/07/2016,12,"No water, no cover",15.58333333,16.4672619,,,,,,,,
228,07/07/2016,13,"No water, no cover",16.02083333,16.50297619,,,,,,,,
229,07/07/2016,14,Ambient,15.14583333,16.47023809,,,,,,,,
230,07/07/2016,15,"Saturated, cover",15.52083333,16.56547619,,,,,,,,
231,07/07/2016,16,Ambient,15.125,16.6577381,,,,,,,,
232,07/07/2016,17,"Nothing, disturbed, cover",15.35416667,16.65178572,,,,,,,,
233,07/07/2016,18,"Nothing, disturbed, no cover",15.14583333,16.86309524,,,,,,,,
234,07/07/2016,2,"Saturated, no cover",15.47916667,17.15773809,,,,,,,,
235,07/07/2016,3,"Nothing, disturbed, no cover",16.64583333,16.92559524,,,,,,,,
236,07/07/2016,4,"Nothing, disturbed, cover",15.8125,16.61309524,,,,,,,,
237,07/07/2016,5,"Light water, no cover",16.10416667,16.80357143,,,,,,,,
238,08/07/2016,6,"No water, cover",16.08333333,16.74404762,,,,,,,,
239,08/07/2016,8,"No water, cover",15.54166667,16.76488095,,,,,,,,
240,08/07/2016,9,"Saturated, no cover",17.52083333,16.96130952,,,,,,,,
241,08/07/2016,10,"Light water, no cover",14.89583333,,,,,,,,,
242,08/07/2016,11,"Saturated, cover",16.8125,,,,,,,,,
243,08/07/2016,12,"No water, no cover",17.22916667,,,,,,,,,
244,08/07/2016,13,"No water, no cover",16.47916667,,,,,,,,,
245,08/07/2016,14,Ambient,16.79166667,,,,,,,,,
246,08/07/2016,15,"Saturated, cover",16.1875,,,,,,,,,
247,08/07/2016,16,Ambient,16.52083333,,,,,,,,,
248,08/07/2016,17,"Nothing, disturbed, cover",16.35416667,,,,,,,,,
249,08/07/2016,18,"Nothing, disturbed, no cover",16.77083333,,,,,,,,,
250,08/07/2016,2,"Saturated, no cover",17.95833333,,,,,,,,,
251,08/07/2016,3,"Nothing, disturbed, no cover",16.875,,,,,,,,,
252,08/07/2016,4,"Nothing, disturbed, cover",17.35416667,,,,,,,,,
253,09/07/2016,5,"Light water, no cover",16.58333333,,,,,,,,,
254,09/07/2016,6,"No water, cover",16.58333333,,,,,,,,,
255,09/07/2016,8,"No water, cover",17.85416667,,,,,,,,,
256,09/07/2016,9,"Saturated, no cover",15.27083333,,,,,,,,,
257,09/07/2016,10,"Light water, no cover",17.85416667,,,,,,,,,
258,09/07/2016,11,"Saturated, cover",17.9375,,,,,,,,,
259,09/07/2016,12,"No water, no cover",17.20833333,,,,,,,,,
260,09/07/2016,13,"No water, no cover",17.54166667,,,,,,,,,
261,09/07/2016,14,Ambient,16.58333333,,,,,,,,,
262,09/07/2016,15,"Saturated, cover",16.95833333,,,,,,,,,
263,09/07/2016,16,Ambient,17.22916667,,,,,,,,,
264,09/07/2016,17,"Nothing, disturbed, cover",17.04166667,,,,,,,,,
265,09/07/2016,18,"Nothing, disturbed, no cover",18.9375,,,,,,,,,
266,09/07/2016,2,"Saturated, no cover",17.89583333,,,,,,,,,
267,09/07/2016,3,"Nothing, disturbed, no cover",17.77083333,,,,,,,,,
268,10/07/2016,4,"Nothing, disturbed, cover",14.75,,,,,,,,,
269,10/07/2016,5,"Light water, no cover",15.35416667,,,,,,,,,
270,10/07/2016,6,"No water, cover",15.25,,,,,,,,,
271,10/07/2016,8,"No water, cover",13.79166667,,,,,,,,,
272,10/07/2016,9,"Saturated, no cover",16.08333333,,,,,,,,,
273,10/07/2016,10,"Light water, no cover",15.4375,,,,,,,,,
274,10/07/2016,11,"Saturated, cover",15.08333333,,,,,,,,,
275,10/07/2016,12,"No water, no cover",15.3125,,,,,,,,,
276,10/07/2016,13,"No water, no cover",14.58333333,,,,,,,,,
277,10/07/2016,14,Ambient,14.625,,,,,,,,,
278,10/07/2016,15,"Saturated, cover",14.95833333,,,,,,,,,
279,10/07/2016,16,Ambient,14.70833333,,,,,,,,,
280,10/07/2016,17,"Nothing, disturbed, cover",15.9375,,,,,,,,,
281,10/07/2016,18,"Nothing, disturbed, no cover",15.83333333,,,,,,,,,
282,10/07/2016,2,"Saturated, no cover",15.64583333,,,,,,,,,
283,11/07/2016,3,"Nothing, disturbed, no cover",15.4375,,,,,,,,,
284,11/07/2016,4,"Nothing, disturbed, cover",14.89583333,,,,,,,,,
285,11/07/2016,5,"Light water, no cover",16.66666667,,,,,,,,,
286,11/07/2016,6,"No water, cover",14.75,,,,,,,,,
287,11/07/2016,8,"No water, cover",16.20833333,,,,,,,,,
288,11/07/2016,9,"Saturated, no cover",16.33333333,,,,,,,,,
289,11/07/2016,10,"Light water, no cover",15.875,,,,,,,,,
290,11/07/2016,11,"Saturated, cover",16.10416667,,,,,,,,,
291,11/07/2016,12,"No water, no cover",15.52083333,,,,,,,,,
292,11/07/2016,13,"No water, no cover",16.125,,,,,,,,,
293,11/07/2016,14,Ambient,15.52083333,,,,,,,,,
294,11/07/2016,15,"Saturated, cover",15.79166667,,,,,,,,,
295,11/07/2016,16,Ambient,16.875,,,,,,,,,
296,11/07/2016,17,"Nothing, disturbed, cover",15.97916667,,,,,,,,,
297,11/07/2016,18,"Nothing, disturbed, no cover",16.39583333,,,,,,,,,
298,12/07/2016,2,"Saturated, no cover",16.75,,,,,,,,,
299,12/07/2016,3,"Nothing, disturbed, no cover",16.25,,,,,,,,,
300,12/07/2016,4,"Nothing, disturbed, cover",18.35416667,,,,,,,,,
301,12/07/2016,5,"Light water, no cover",15.625,,,,,,,,,
302,12/07/2016,6,"No water, cover",17.72916667,,,,,,,,,
303,12/07/2016,8,"No water, cover",17.64583333,,,,,,,,,
304,12/07/2016,9,"Saturated, no cover",17.27083333,,,,,,,,,
305,12/07/2016,10,"Light water, no cover",17.52083333,,,,,,,,,
306,12/07/2016,11,"Saturated, cover",16.83333333,,,,,,,,,
307,12/07/2016,12,"No water, no cover",17.04166667,,,,,,,,,
308,12/07/2016,13,"No water, no cover",16.70833333,,,,,,,,,
309,12/07/2016,14,Ambient,17.39583333,,,,,,,,,
310,12/07/2016,15,"Saturated, cover",18.54166667,,,,,,,,,
311,12/07/2016,16,Ambient,17.29166667,,,,,,,,,
312,12/07/2016,17,"Nothing, disturbed, cover",18.08333333,,,,,,,,,
313,13/07/2016,18,"Nothing, disturbed, no cover",17.375,,,,,,,,,
314,13/07/2016,2,"Saturated, no cover",16.9375,,,,,,,,,
315,13/07/2016,3,"Nothing, disturbed, no cover",18.875,,,,,,,,,
316,13/07/2016,4,"Nothing, disturbed, cover",16.125,,,,,,,,,
317,13/07/2016,5,"Light water, no cover",18.39583333,,,,,,,,,
318,13/07/2016,6,"No water, cover",18.375,,,,,,,,,
319,13/07/2016,8,"No water, cover",17.79166667,,,,,,,,,
320,13/07/2016,9,"Saturated, no cover",18.125,,,,,,,,,
321,13/07/2016,10,"Light water, no cover",17.5,,,,,,,,,
322,13/07/2016,11,"Saturated, cover",17.75,,,,,,,,,
323,13/07/2016,12,"No water, no cover",17.375,,,,,,,,,
324,13/07/2016,13,"No water, no cover",18.0625,,,,,,,,,
325,13/07/2016,14,Ambient,19.22916667,,,,,,,,,
326,13/07/2016,15,"Saturated, cover",18,,,,,,,,,
327,13/07/2016,16,Ambient,18.85416667,,,,,,,,,
328,14/07/2016,17,"Nothing, disturbed, cover",17.8125,,,,,,,,,
329,14/07/2016,18,"Nothing, disturbed, no cover",17.58333333,,,,,,,,,
330,14/07/2016,2,"Saturated, no cover",19.4375,,,,,,,,,
331,14/07/2016,3,"Nothing, disturbed, no cover",16.625,,,,,,,,,
332,14/07/2016,4,"Nothing, disturbed, cover",19,,,,,,,,,
333,14/07/2016,5,"Light water, no cover",18.89583333,17.56547619,,,,,,,,
334,14/07/2016,6,"No water, cover",18.4375,17.64880953,,,,,,,,
335,14/07/2016,8,"No water, cover",18.52083333,17.74404762,,,,,,,,
336,14/07/2016,9,"Saturated, no cover",18.125,17.9047619,,,,,,,,
337,14/07/2016,10,"Light water, no cover",18.27083333,17.78273809,,,,,,,,
338,14/07/2016,11,"Saturated, cover",18.22916667,17.66369048,,,,,,,,
339,14/07/2016,12,"No water, no cover",18.64583333,17.25892857,,,,,,,,
340,14/07/2016,13,"No water, no cover",19.83333333,17.25892857,,,,,,,,
341,14/07/2016,14,Ambient,18.72916667,17.13690476,,,,,,,,
342,14/07/2016,15,"Saturated, cover",19.41666667,16.98809524,,,,,,,,
343,15/07/2016,16,Ambient,17.33333333,16.88690476,,,,,,,,
344,15/07/2016,17,"Nothing, disturbed, cover",17.3125,16.91964286,,,,,,,,
345,15/07/2016,18,"Nothing, disturbed, no cover",18.66666667,16.97619048,,,,,,,,
346,15/07/2016,2,"Saturated, no cover",16.41666667,16.76785714,,,,,,,,
347,15/07/2016,3,"Nothing, disturbed, no cover",18.47916667,16.93452381,,,,,,,,
348,15/07/2016,4,"Nothing, disturbed, cover",18.14583333,16.89583333,,,,,,,,
349,15/07/2016,5,"Light water, no cover",18.04166667,,,,,,,,,
350,15/07/2016,6,"No water, cover",17.85416667,,,,,,,,,
351,15/07/2016,8,"No water, cover",17.64583333,,,,,,,,,
352,15/07/2016,9,"Saturated, no cover",17.83333333,,,,,,,,,
353,15/07/2016,10,"Light water, no cover",17.79166667,,,,,,,,,
354,15/07/2016,11,"Saturated, cover",18.10416667,,,,,,,,,
355,15/07/2016,12,"No water, no cover",19.22916667,,,,,,,,,
356,15/07/2016,13,"No water, no cover",18.29166667,,,,,,,,,
357,15/07/2016,14,Ambient,18.9375,,,,,,,,,
358,16/07/2016,15,"Saturated, cover",17.35416667,,,,,,,,,
359,16/07/2016,16,Ambient,17.35416667,,,,,,,,,
360,16/07/2016,17,"Nothing, disturbed, cover",18.72916667,,,,,,,,,
361,16/07/2016,18,"Nothing, disturbed, no cover",16.5,,,,,,,,,
362,16/07/2016,2,"Saturated, no cover",18.54166667,,,,,,,,,
363,16/07/2016,3,"Nothing, disturbed, no cover",18.20833333,,,,,,,,,
364,16/07/2016,4,"Nothing, disturbed, cover",18.16666667,,,,,,,,,
365,16/07/2016,5,"Light water, no cover",17.91666667,,,,,,,,,
366,16/07/2016,6,"No water, cover",17.75,,,,,,,,,
367,16/07/2016,8,"No water, cover",17.85416667,,,,,,,,,
368,16/07/2016,9,"Saturated, no cover",17.79166667,,,,,,,,,
369,16/07/2016,10,"Light water, no cover",18.14583333,,,,,,,,,
370,16/07/2016,11,"Saturated, cover",19.41666667,,,,,,,,,
371,16/07/2016,12,"No water, no cover",18.35416667,,,,,,,,,
372,16/07/2016,13,"No water, no cover",18.79166667,,,,,,,,,
373,17/07/2016,14,Ambient,18.20833333,,,,,,,,,
374,17/07/2016,15,"Saturated, cover",17.95833333,,,,,,,,,
375,17/07/2016,16,Ambient,20.125,,,,,,,,,
376,17/07/2016,17,"Nothing, disturbed, cover",17.22916667,,,,,,,,,
377,17/07/2016,18,"Nothing, disturbed, no cover",19.54166667,,,,,,,,,
378,17/07/2016,2,"Saturated, no cover",19.52083333,,,,,,,,,
379,17/07/2016,3,"Nothing, disturbed, no cover",19.14583333,,,,,,,,,
380,17/07/2016,4,"Nothing, disturbed, cover",19.20833333,,,,,,,,,
381,17/07/2016,5,"Light water, no cover",18.64583333,,,,,,,,,
382,17/07/2016,6,"No water, cover",18.97916667,,,,,,,,,
383,17/07/2016,8,"No water, cover",18.83333333,,,,,,,,,
384,17/07/2016,9,"Saturated, no cover",19.14583333,,,,,,,,,
385,17/07/2016,10,"Light water, no cover",20.6875,,,,,,,,,
386,17/07/2016,11,"Saturated, cover",19.35416667,,,,,,,,,
387,17/07/2016,12,"No water, no cover",19.79166667,,,,,,,,,
388,18/07/2016,13,"No water, no cover",18.3125,,,,,,,,,
389,18/07/2016,14,Ambient,18.3125,,,,,,,,,
390,18/07/2016,15,"Saturated, cover",19.9375,,,,,,,,,
391,18/07/2016,16,Ambient,17.25,,,,,,,,,
392,18/07/2016,17,"Nothing, disturbed, cover",19.64583333,,,,,,,,,
393,18/07/2016,18,"Nothing, disturbed, no cover",19.14583333,,,,,,,,,
394,18/07/2016,2,"Saturated, no cover",18.9375,,,,,,,,,
395,18/07/2016,3,"Nothing, disturbed, no cover",18.89583333,,,,,,,,,
396,18/07/2016,4,"Nothing, disturbed, cover",18.52083333,,,,,,,,,
397,18/07/2016,5,"Light water, no cover",18.47916667,,,,,,,,,
398,18/07/2016,6,"No water, cover",18.41666667,,,,,,,,,
399,18/07/2016,8,"No water, cover",19.125,,,,,,,,,
400,18/07/2016,9,"Saturated, no cover",20.125,,,,,,,,,
401,18/07/2016,10,"Light water, no cover",19.08333333,,,,,,,,,
402,18/07/2016,11,"Saturated, cover",20,,,,,,,,,
403,19/07/2016,12,"No water, no cover",15.6875,,,,,,,,,
404,19/07/2016,13,"No water, no cover",16.20833333,,,,,,,,,
405,19/07/2016,14,Ambient,16.97916667,,,,,,,,,
406,19/07/2016,15,"Saturated, cover",15.39583333,,,,,,,,,
407,19/07/2016,16,Ambient,16.79166667,,,,,,,,,
408,19/07/2016,17,"Nothing, disturbed, cover",16.10416667,,,,,,,,,
409,19/07/2016,18,"Nothing, disturbed, no cover",16.54166667,,,,,,,,,
410,19/07/2016,2,"Saturated, no cover",16.35416667,,,,,,,,,
411,19/07/2016,3,"Nothing, disturbed, no cover",15.5,,,,,,,,,
412,19/07/2016,4,"Nothing, disturbed, cover",15.47916667,,,,,,,,,
413,19/07/2016,5,"Light water, no cover",15.75,,,,,,,,,
414,19/07/2016,6,"No water, cover",16.22916667,,,,,,,,,
415,19/07/2016,8,"No water, cover",16.83333333,,,,,,,,,
416,19/07/2016,9,"Saturated, no cover",16.47916667,,,,,,,,,
417,19/07/2016,10,"Light water, no cover",17.02083333,,,,,,,,,
418,20/07/2016,11,"Saturated, cover",14.66666667,,,,,,,,,
419,20/07/2016,12,"No water, no cover",14.95833333,,,,,,,,,
420,20/07/2016,13,"No water, no cover",16.125,,,,,,,,,
421,20/07/2016,14,Ambient,14.5,,,,,,,,,
422,20/07/2016,15,"Saturated, cover",15.41666667,,,,,,,,,
423,20/07/2016,16,Ambient,15.02083333,,,,,,,,,
424,20/07/2016,17,"Nothing, disturbed, cover",15.75,,,,,,,,,
425,20/07/2016,18,"Nothing, disturbed, no cover",15.22916667,,,,,,,,,
426,20/07/2016,2,"Saturated, no cover",14.47916667,,,,,,,,,
427,20/07/2016,3,"Nothing, disturbed, no cover",14.66666667,,,,,,,,,
428,20/07/2016,4,"Nothing, disturbed, cover",14.85416667,,,,,,,,,
429,20/07/2016,5,"Light water, no cover",15.22916667,,,,,,,,,
430,20/07/2016,6,"No water, cover",15.875,,,,,,,,,
431,20/07/2016,8,"No water, cover",15.39583333,,,,,,,,,
432,20/07/2016,9,"Saturated, no cover",15.83333333,,,,,,,,,
433,21/07/2016,10,"Light water, no cover",13.47916667,13.86607143,,,,,,,,
434,21/07/2016,11,"Saturated, cover",13.875,14.05357143,,,,,,,,
435,21/07/2016,12,"No water, no cover",14.14583333,13.99404762,,,,,,,,
436,21/07/2016,13,"No water, no cover",13.25,13.79166667,,,,,,,,
437,21/07/2016,14,Ambient,14.29166667,13.98809524,,,,,,,,
438,21/07/2016,15,"Saturated, cover",13.4375,13.92559524,,,,,,,,
439,21/07/2016,16,Ambient,14.33333333,14.22619048,,,,,,,,
440,21/07/2016,17,"Nothing, disturbed, cover",13.66666667,14.1577381,,,,,,,,
441,21/07/2016,18,"Nothing, disturbed, no cover",13.20833333,14.39285714,,,,,,,,
442,21/07/2016,2,"Saturated, no cover",13.125,14.36904762,,,,,,,,
443,21/07/2016,3,"Nothing, disturbed, no cover",13.64583333,14.25,,,,,,,,
444,21/07/2016,4,"Nothing, disturbed, cover",13.89583333,14.54761905,,,,,,,,
445,21/07/2016,5,"Light water, no cover",14.39583333,14.31845238,,,,,,,,
446,21/07/2016,6,"No water, cover",14.02083333,14.47916667,,,,,,,,
447,21/07/2016,8,"No water, cover",14.625,14.29166667,,,,,,,,
448,22/07/2016,9,"Saturated, no cover",13.85416667,14.36011905,,,,,,,,
449,22/07/2016,10,"Light water, no cover",13.79166667,,,,,,,,,
450,22/07/2016,11,"Saturated, cover",14.8125,,,,,,,,,
451,22/07/2016,12,"No water, no cover",13.52083333,,,,,,,,,
452,22/07/2016,13,"No water, no cover",14.47916667,,,,,,,,,
453,22/07/2016,14,Ambient,14.10416667,,,,,,,,,
454,22/07/2016,15,"Saturated, cover",14.77083333,,,,,,,,,
455,22/07/2016,16,Ambient,14.16666667,,,,,,,,,
456,22/07/2016,17,"Nothing, disturbed, cover",13.85416667,,,,,,,,,
457,22/07/2016,18,"Nothing, disturbed, no cover",14.02083333,,,,,,,,,
458,22/07/2016,2,"Saturated, no cover",13.97916667,,,,,,,,,
459,22/07/2016,3,"Nothing, disturbed, no cover",14.5,,,,,,,,,
460,22/07/2016,4,"Nothing, disturbed, cover",15.16666667,,,,,,,,,
461,22/07/2016,5,"Light water, no cover",14.27083333,,,,,,,,,
462,22/07/2016,6,"No water, cover",14.91666667,,,,,,,,,
463,23/07/2016,8,"No water, cover",12.5,,,,,,,,,
464,23/07/2016,9,"Saturated, no cover",13.1875,,,,,,,,,
465,23/07/2016,10,"Light water, no cover",12.8125,,,,,,,,,
466,23/07/2016,11,"Saturated, cover",12.25,,,,,,,,,
467,23/07/2016,12,"No water, no cover",13.33333333,,,,,,,,,
468,23/07/2016,13,"No water, no cover",12.16666667,,,,,,,,,
469,23/07/2016,14,Ambient,12.97916667,,,,,,,,,
470,23/07/2016,15,"Saturated, cover",12.41666667,,,,,,,,,
471,23/07/2016,16,Ambient,12.29166667,,,,,,,,,
472,23/07/2016,17,"Nothing, disturbed, cover",11.97916667,,,,,,,,,
473,23/07/2016,18,"Nothing, disturbed, no cover",12.54166667,,,,,,,,,
474,23/07/2016,2,"Saturated, no cover",12.72916667,,,,,,,,,
475,23/07/2016,3,"Nothing, disturbed, no cover",13.1875,,,,,,,,,
476,23/07/2016,4,"Nothing, disturbed, cover",13,,,,,,,,,
477,23/07/2016,5,"Light water, no cover",13.39583333,,,,,,,,,
478,24/07/2016,6,"No water, cover",13.22916667,,,,,,,,,
479,24/07/2016,8,"No water, cover",13.20833333,,,,,,,,,
480,24/07/2016,9,"Saturated, no cover",14.4375,,,,,,,,,
481,24/07/2016,10,"Light water, no cover",13,,,,,,,,,
482,24/07/2016,11,"Saturated, cover",14.04166667,,,,,,,,,
483,24/07/2016,12,"No water, no cover",13.60416667,,,,,,,,,
484,24/07/2016,13,"No water, no cover",14.20833333,,,,,,,,,
485,24/07/2016,14,Ambient,13.52083333,,,,,,,,,
486,24/07/2016,15,"Saturated, cover",13.52083333,,,,,,,,,
487,24/07/2016,16,Ambient,13.54166667,,,,,,,,,
488,24/07/2016,17,"Nothing, disturbed, cover",13.54166667,,,,,,,,,
489,24/07/2016,18,"Nothing, disturbed, no cover",14.16666667,,,,,,,,,
490,24/07/2016,2,"Saturated, no cover",14.89583333,,,,,,,,,
491,24/07/2016,3,"Nothing, disturbed, no cover",13.75,,,,,,,,,
492,24/07/2016,4,"Nothing, disturbed, cover",14.5,,,,,,,,,
493,25/07/2016,5,"Light water, no cover",14.10416667,,,,,,,,,
494,25/07/2016,6,"No water, cover",14.20833333,,,,,,,,,
495,25/07/2016,8,"No water, cover",15.14583333,,,,,,,,,
496,25/07/2016,9,"Saturated, no cover",13.64583333,,,,,,,,,
497,25/07/2016,10,"Light water, no cover",15.16666667,,,,,,,,,
498,25/07/2016,11,"Saturated, cover",14.29166667,,,,,,,,,
499,25/07/2016,12,"No water, no cover",15.04166667,,,,,,,,,
500,25/07/2016,13,"No water, no cover",14.20833333,,,,,,,,,
501,25/07/2016,14,Ambient,14.35416667,,,,,,,,,
502,25/07/2016,15,"Saturated, cover",14.39583333,,,,,,,,,
503,25/07/2016,16,Ambient,14.52083333,,,,,,,,,
504,25/07/2016,17,"Nothing, disturbed, cover",14.8125,,,,,,,,,
505,25/07/2016,18,"Nothing, disturbed, no cover",16.3125,,,,,,,,,
506,25/07/2016,2,"Saturated, no cover",15,,,,,,,,,
507,25/07/2016,3,"Nothing, disturbed, no cover",15.45833333,,,,,,,,,
508,26/07/2016,4,"Nothing, disturbed, cover",14.1875,,,,,,,,,
509,26/07/2016,5,"Light water, no cover",14.625,,,,,,,,,
510,26/07/2016,6,"No water, cover",15.08333333,,,,,,,,,
511,26/07/2016,8,"No water, cover",13.70833333,,,,,,,,,
512,26/07/2016,9,"Saturated, no cover",15.4375,,,,,,,,,
513,26/07/2016,10,"Light water, no cover",14.22916667,,,,,,,,,
514,26/07/2016,11,"Saturated, cover",14.89583333,,,,,,,,,
515,26/07/2016,12,"No water, no cover",14.41666667,,,,,,,,,
516,26/07/2016,13,"No water, no cover",14.33333333,,,,,,,,,
517,26/07/2016,14,Ambient,14.3125,,,,,,,,,
518,26/07/2016,15,"Saturated, cover",14.625,,,,,,,,,
519,26/07/2016,16,Ambient,14.85416667,,,,,,,,,
520,26/07/2016,17,"Nothing, disturbed, cover",16.22916667,,,,,,,,,
521,26/07/2016,18,"Nothing, disturbed, no cover",15.3125,,,,,,,,,
522,26/07/2016,2,"Saturated, no cover",15.54166667,,,,,,,,,
523,27/07/2016,3,"Nothing, disturbed, no cover",13.89583333,,,,,,,,,
524,27/07/2016,4,"Nothing, disturbed, cover",14.33333333,,,,,,,,,
525,27/07/2016,5,"Light water, no cover",14.66666667,,,,,,,,,
526,27/07/2016,6,"No water, cover",13.39583333,,,,,,,,,
527,27/07/2016,8,"No water, cover",15.125,,,,,,,,,
528,27/07/2016,9,"Saturated, no cover",13.8125,,,,,,,,,
529,27/07/2016,10,"Light water, no cover",14.58333333,,,,,,,,,
530,27/07/2016,11,"Saturated, cover",14.20833333,,,,,,,,,
531,27/07/2016,12,"No water, no cover",13.89583333,,,,,,,,,
532,27/07/2016,13,"No water, no cover",13.89583333,,,,,,,,,
533,27/07/2016,14,Ambient,14.35416667,,,,,,,,,
534,27/07/2016,15,"Saturated, cover",14.3125,,,,,,,,,
535,27/07/2016,16,Ambient,15.875,,,,,,,,,
536,27/07/2016,17,"Nothing, disturbed, cover",15.02083333,,,,,,,,,
537,27/07/2016,18,"Nothing, disturbed, no cover",15.1875,,,,,,,,,
538,28/07/2016,2,"Saturated, no cover",15.3125,,,,,,,,,
539,28/07/2016,3,"Nothing, disturbed, no cover",15.3125,,,,,,,,,
540,28/07/2016,4,"Nothing, disturbed, cover",16.75,,,,,,,,,
541,28/07/2016,5,"Light water, no cover",14.77083333,14.75,,,,,,,,
542,28/07/2016,6,"No water, cover",16.5,14.85714286,,,,,,,,
543,28/07/2016,8,"No water, cover",15.72916667,14.88392857,,,,,,,,
544,28/07/2016,9,"Saturated, no cover",16.14583333,15.03869048,,,,,,,,
545,28/07/2016,10,"Light water, no cover",16,15.2797619,,,,,,,,
546,28/07/2016,11,"Saturated, cover",15.60416667,15.45535714,,,,,,,,
547,28/07/2016,12,"No water, no cover",15.8125,15.4702381,,,,,,,,
548,28/07/2016,13,"No water, no cover",15.83333333,15.33035714,,,,,,,,
549,28/07/2016,14,Ambient,16.04166667,15.29166667,,,,,,,,
550,28/07/2016,15,"Saturated, cover",18.125,15.27083333,,,,,,,,
551,28/07/2016,16,Ambient,16.60416667,15.07738095,,,,,,,,
552,28/07/2016,17,"Nothing, disturbed, cover",16.77083333,14.82142857,,,,,,,,
553,29/07/2016,18,"Nothing, disturbed, no cover",14.875,14.59523809,,,,,,,,
554,29/07/2016,2,"Saturated, no cover",15.41666667,14.5327381,,,,,,,,
555,29/07/2016,3,"Nothing, disturbed, no cover",16.20833333,14.69047619,,,,,,,,
556,29/07/2016,4,"Nothing, disturbed, cover",14.39583333,14.51488095,,,,,,,,
557,29/07/2016,5,"Light water, no cover",16.41666667,,,,,,,,,
558,29/07/2016,6,"No water, cover",15,,,,,,,,,
559,29/07/2016,8,"No water, cover",15.70833333,,,,,,,,,
560,29/07/2016,9,"Saturated, no cover",15.45833333,,,,,,,,,
561,29/07/2016,10,"Light water, no cover",15.1875,,,,,,,,,
562,29/07/2016,11,"Saturated, cover",15.08333333,,,,,,,,,
563,29/07/2016,12,"No water, no cover",15.47916667,,,,,,,,,
564,29/07/2016,13,"No water, no cover",15.6875,,,,,,,,,
565,29/07/2016,14,Ambient,17.58333333,,,,,,,,,
566,29/07/2016,15,"Saturated, cover",16.41666667,,,,,,,,,
567,29/07/2016,16,Ambient,16.1875,,,,,,,,,
568,30/07/2016,17,"Nothing, disturbed, cover",13.70833333,,,,,,,,,
569,30/07/2016,18,"Nothing, disturbed, no cover",14.16666667,,,,,,,,,
570,30/07/2016,2,"Saturated, no cover",14.45833333,,,,,,,,,
571,30/07/2016,3,"Nothing, disturbed, no cover",13.25,,,,,,,,,
572,30/07/2016,4,"Nothing, disturbed, cover",15.29166667,,,,,,,,,
573,30/07/2016,5,"Light water, no cover",13.4375,,,,,,,,,
574,30/07/2016,6,"No water, cover",14.4375,,,,,,,,,
575,30/07/2016,8,"No water, cover",14.10416667,,,,,,,,,
576,30/07/2016,9,"Saturated, no cover",13.66666667,,,,,,,,,
577,30/07/2016,10,"Light water, no cover",13.64583333,,,,,,,,,
578,30/07/2016,11,"Saturated, cover",14.45833333,,,,,,,,,
579,30/07/2016,12,"No water, no cover",14.14583333,,,,,,,,,
580,30/07/2016,13,"No water, no cover",16.04166667,,,,,,,,,
581,30/07/2016,14,Ambient,15.3125,,,,,,,,,
582,30/07/2016,15,"Saturated, cover",14.75,,,,,,,,,
583,31/07/2016,16,Ambient,13.625,,,,,,,,,
584,31/07/2016,17,"Nothing, disturbed, cover",14.35416667,,,,,,,,,
585,31/07/2016,18,"Nothing, disturbed, no cover",14.95833333,,,,,,,,,
586,31/07/2016,2,"Saturated, no cover",13.16666667,,,,,,,,,
587,31/07/2016,3,"Nothing, disturbed, no cover",15.10416667,,,,,,,,,
588,31/07/2016,4,"Nothing, disturbed, cover",13.72916667,,,,,,,,,
589,31/07/2016,5,"Light water, no cover",14.72916667,,,,,,,,,
590,31/07/2016,6,"No water, cover",14.3125,,,,,,,,,
591,31/07/2016,8,"No water, cover",14,,,,,,,,,
592,31/07/2016,9,"Saturated, no cover",14.14583333,,,,,,,,,
593,31/07/2016,10,"Light water, no cover",14.75,,,,,,,,,
594,31/07/2016,11,"Saturated, cover",14.4375,,,,,,,,,
595,31/07/2016,12,"No water, no cover",16.79166667,,,,,,,,,
596,31/07/2016,13,"No water, no cover",15.45833333,,,,,,,,,
597,31/07/2016,14,Ambient,14.8125,,,,,,,,,
598,01/08/2016,15,"Saturated, cover",15.25,,,,,,,,,
599,01/08/2016,16,Ambient,15.54166667,,,,,,,,,
600,01/08/2016,17,"Nothing, disturbed, cover",16.85416667,,,,,,,,,
601,01/08/2016,18,"Nothing, disturbed, no cover",14.5625,,,,,,,,,
602,01/08/2016,2,"Saturated, no cover",16.58333333,,,,,,,,,
603,01/08/2016,3,"Nothing, disturbed, no cover",15.47916667,,,,,,,,,
604,01/08/2016,4,"Nothing, disturbed, cover",15.91666667,,,,,,,,,
605,01/08/2016,5,"Light water, no cover",16.02083333,,,,,,,,,
606,01/08/2016,6,"No water, cover",15.625,,,,,,,,,
607,01/08/2016,8,"No water, cover",15.8125,,,,,,,,,
608,01/08/2016,9,"Saturated, no cover",16.0625,,,,,,,,,
609,01/08/2016,10,"Light water, no cover",16.1875,,,,,,,,,
610,01/08/2016,11,"Saturated, cover",18.35416667,,,,,,,,,
611,01/08/2016,12,"No water, no cover",16.85416667,,,,,,,,,
612,01/08/2016,13,"No water, no cover",16.5625,,,,,,,,,
613,02/08/2016,14,Ambient,14.375,,,,,,,,,
614,02/08/2016,15,"Saturated, cover",15.3125,,,,,,,,,
615,02/08/2016,16,Ambient,15.47916667,,,,,,,,,
616,02/08/2016,17,"Nothing, disturbed, cover",13.79166667,,,,,,,,,
617,02/08/2016,18,"Nothing, disturbed, no cover",16.02083333,,,,,,,,,
618,02/08/2016,2,"Saturated, no cover",14.22916667,,,,,,,,,
619,02/08/2016,3,"Nothing, disturbed, no cover",15.04166667,,,,,,,,,
620,02/08/2016,4,"Nothing, disturbed, cover",14.89583333,,,,,,,,,
621,02/08/2016,5,"Light water, no cover",14.60416667,,,,,,,,,
622,02/08/2016,6,"No water, cover",14.5,,,,,,,,,
623,02/08/2016,8,"No water, cover",15.25,,,,,,,,,
624,02/08/2016,9,"Saturated, no cover",15.04166667,,,,,,,,,
625,02/08/2016,10,"Light water, no cover",16.85416667,,,,,,,,,
626,02/08/2016,11,"Saturated, cover",15.97916667,,,,,,,,,
627,02/08/2016,12,"No water, no cover",15.5625,,,,,,,,,
628,03/08/2016,13,"No water, no cover",13.41666667,,,,,,,,,
629,03/08/2016,14,Ambient,13.95833333,,,,,,,,,
630,03/08/2016,15,"Saturated, cover",13.91666667,,,,,,,,,
631,03/08/2016,16,Ambient,13,,,,,,,,,
632,03/08/2016,17,"Nothing, disturbed, cover",14.52083333,,,,,,,,,
633,03/08/2016,18,"Nothing, disturbed, no cover",13.02083333,,,,,,,,,
634,03/08/2016,2,"Saturated, no cover",13.60416667,,,,,,,,,
635,03/08/2016,3,"Nothing, disturbed, no cover",13.70833333,,,,,,,,,
636,03/08/2016,4,"Nothing, disturbed, cover",13.25,,,,,,,,,
637,03/08/2016,5,"Light water, no cover",13.27083333,,,,,,,,,
638,03/08/2016,6,"No water, cover",13.625,,,,,,,,,
639,03/08/2016,8,"No water, cover",13.58333333,,,,,,,,,
640,03/08/2016,9,"Saturated, no cover",14.75,,,,,,,,,
641,03/08/2016,10,"Light water, no cover",14.33333333,,,,,,,,,
642,03/08/2016,11,"Saturated, cover",14.27083333,,,,,,,,,
643,04/08/2016,12,"No water, no cover",13.64583333,,,,,,,,,
644,04/08/2016,13,"No water, no cover",14.3125,,,,,,,,,
645,04/08/2016,14,Ambient,14.95833333,,,,,,,,,
646,04/08/2016,15,"Saturated, cover",13.125,,,,,,,,,
647,04/08/2016,16,Ambient,15.10416667,,,,,,,,,
648,04/08/2016,17,"Nothing, disturbed, cover",13.75,,,,,,,,,
649,04/08/2016,18,"Nothing, disturbed, no cover",14.5625,,,,,,,,,
650,04/08/2016,2,"Saturated, no cover",14.27083333,,,,,,,,,
651,04/08/2016,3,"Nothing, disturbed, no cover",14.04166667,,,,,,,,,
652,04/08/2016,4,"Nothing, disturbed, cover",14.125,,,,,,,,,
653,04/08/2016,5,"Light water, no cover",14.70833333,14.89166667,,,,,,,,
654,04/08/2016,6,"No water, cover",14.39583333,14.72708333,,,,,,,,
655,04/08/2016,8,"No water, cover",16.625,14.8125,,,,,,,,
656,04/08/2016,9,"Saturated, no cover",15.25,14.55208333,,,,,,,,
657,04/08/2016,10,"Light water, no cover",14.70833333,14.55416667,,,,,,,,
658,05/08/2016,11,"Saturated, cover",13.89583333,14.38125,,,,,,,,
659,05/08/2016,12,"No water, no cover",14.58333333,14.61666667,,,,,,,,
660,05/08/2016,13,"No water, no cover",14.79166667,14.575,,,,,,,,
661,05/08/2016,14,Ambient,13.25,14.51458333,,,,,,,,
662,05/08/2016,15,"Saturated, cover",15.14583333,14.89166667,,,,,,,,
663,05/08/2016,16,Ambient,13.625,14.70625,,,,,,,,
664,05/08/2016,17,"Nothing, disturbed, cover",14.20833333,13.55416667,,,,,,,,
665,05/08/2016,18,"Nothing, disturbed, no cover",14.25,13.60416667,,,,,,,,
666,05/08/2016,2,"Saturated, no cover",14.04166667,13.77916667,,,,,,,,
667,05/08/2016,3,"Nothing, disturbed, no cover",13.85416667,13.66041667,,,,,,,,
668,05/08/2016,4,"Nothing, disturbed, cover",14.33333333,13.52708333,,,,,,,,
669,05/08/2016,5,"Light water, no cover",14.39583333,,,,,,,,,
670,05/08/2016,6,"No water, cover",15.875,,,,,,,,,
671,05/08/2016,8,"No water, cover",15,,,,,,,,,
672,05/08/2016,9,"Saturated, no cover",15.10416667,,,,,,,,,
673,06/08/2016,10,"Light water, no cover",15.22916667,,,,,,,,,
674,06/08/2016,11,"Saturated, cover",15.41666667,,,,,,,,,
675,06/08/2016,12,"No water, no cover",16.60416667,,,,,,,,,
676,06/08/2016,13,"No water, no cover",14.45833333,,,,,,,,,
677,06/08/2016,14,Ambient,16.52083333,,,,,,,,,
678,06/08/2016,15,"Saturated, cover",15.6875,,,,,,,,,
679,06/08/2016,16,Ambient,15.79166667,,,,,,,,,
680,06/08/2016,17,"Nothing, disturbed, cover",15.85416667,,,,,,,,,
681,06/08/2016,18,"Nothing, disturbed, no cover",15.625,,,,,,,,,
682,06/08/2016,2,"Saturated, no cover",15.64583333,,,,,,,,,
683,06/08/2016,3,"Nothing, disturbed, no cover",15.85416667,,,,,,,,,
684,06/08/2016,4,"Nothing, disturbed, cover",16,,,,,,,,,
685,06/08/2016,5,"Light water, no cover",17.6875,,,,,,,,,
686,06/08/2016,6,"No water, cover",16.25,,,,,,,,,
687,06/08/2016,8,"No water, cover",16.66666667,,,,,,,,,
688,07/08/2016,9,"Saturated, no cover",14.70833333,,,,,,,,,
689,07/08/2016,10,"Light water, no cover",15.58333333,,,,,,,,,
690,07/08/2016,11,"Saturated, cover",15.95833333,,,,,,,,,
691,07/08/2016,12,"No water, no cover",14.1875,,,,,,,,,
692,07/08/2016,13,"No water, no cover",16.39583333,,,,,,,,,
693,07/08/2016,14,Ambient,15.0625,,,,,,,,,
694,07/08/2016,15,"Saturated, cover",15.39583333,,,,,,,,,
695,07/08/2016,16,Ambient,15.375,,,,,,,,,
696,07/08/2016,17,"Nothing, disturbed, cover",15.14583333,,,,,,,,,
697,07/08/2016,18,"Nothing, disturbed, no cover",14.97916667,,,,,,,,,
698,07/08/2016,2,"Saturated, no cover",15.625,,,,,,,,,
699,07/08/2016,3,"Nothing, disturbed, no cover",15.47916667,,,,,,,,,
700,07/08/2016,4,"Nothing, disturbed, cover",17.4375,,,,,,,,,
701,07/08/2016,5,"Light water, no cover",16.25,,,,,,,,,
702,07/08/2016,6,"No water, cover",16.0625,,,,,,,,,
703,08/08/2016,8,"No water, cover",15.41666667,,,,,,,,,
704,08/08/2016,9,"Saturated, no cover",15.85416667,,,,,,,,,
705,08/08/2016,10,"Light water, no cover",16.83333333,,,,,,,,,
706,08/08/2016,11,"Saturated, cover",14.83333333,,,,,,,,,
707,08/08/2016,12,"No water, no cover",16.6875,,,,,,,,,
708,08/08/2016,13,"No water, no cover",15.70833333,,,,,,,,,
709,08/08/2016,14,Ambient,15.875,,,,,,,,,
710,08/08/2016,15,"Saturated, cover",16.3125,,,,,,,,,
711,08/08/2016,16,Ambient,15.625,,,,,,,,,
712,08/08/2016,17,"Nothing, disturbed, cover",15.85416667,,,,,,,,,
713,08/08/2016,18,"Nothing, disturbed, no cover",16.125,,,,,,,,,
714,08/08/2016,2,"Saturated, no cover",16.20833333,,,,,,,,,
715,08/08/2016,3,"Nothing, disturbed, no cover",18.25,,,,,,,,,
716,08/08/2016,4,"Nothing, disturbed, cover",17.02083333,,,,,,,,,
717,08/08/2016,5,"Light water, no cover",16.52083333,,,,,,,,,
718,09/08/2016,6,"No water, cover",14.89583333,,,,,,,,,
719,09/08/2016,8,"No water, cover",15.77083333,,,,,,,,,
720,09/08/2016,9,"Saturated, no cover",16.54166667,,,,,,,,,
721,09/08/2016,10,"Light water, no cover",14.58333333,,,,,,,,,
722,09/08/2016,11,"Saturated, cover",16.3125,,,,,,,,,
723,09/08/2016,12,"No water, no cover",15.22916667,,,,,,,,,
724,09/08/2016,13,"No water, no cover",15.58333333,,,,,,,,,
725,09/08/2016,14,Ambient,15.72916667,,,,,,,,,
726,09/08/2016,15,"Saturated, cover",15.27083333,,,,,,,,,
727,09/08/2016,16,Ambient,15.54166667,,,,,,,,,
728,09/08/2016,17,"Nothing, disturbed, cover",15.8125,,,,,,,,,
729,09/08/2016,18,"Nothing, disturbed, no cover",15.64583333,,,,,,,,,
730,09/08/2016,2,"Saturated, no cover",18,,,,,,,,,
731,09/08/2016,3,"Nothing, disturbed, no cover",16.75,,,,,,,,,
732,09/08/2016,4,"Nothing, disturbed, cover",15.91666667,,,,,,,,,
733,10/08/2016,5,"Light water, no cover",14.33333333,,,,,,,,,
734,10/08/2016,6,"No water, cover",15.20833333,,,,,,,,,
735,10/08/2016,8,"No water, cover",15.5625,,,,,,,,,
736,10/08/2016,9,"Saturated, no cover",14.02083333,,,,,,,,,
737,10/08/2016,10,"Light water, no cover",15.79166667,,,,,,,,,
738,10/08/2016,11,"Saturated, cover",14.35416667,,,,,,,,,
739,10/08/2016,12,"No water, no cover",14.8125,,,,,,,,,
740,10/08/2016,13,"No water, no cover",15.10416667,,,,,,,,,
741,10/08/2016,14,Ambient,14.45833333,,,,,,,,,
742,10/08/2016,15,"Saturated, cover",14.64583333,,,,,,,,,
743,10/08/2016,16,Ambient,14.97916667,,,,,,,,,
744,10/08/2016,17,"Nothing, disturbed, cover",14.89583333,,,,,,,,,
745,10/08/2016,18,"Nothing, disturbed, no cover",17.0625,,,,,,,,,
746,10/08/2016,2,"Saturated, no cover",16.0625,,,,,,,,,
747,10/08/2016,3,"Nothing, disturbed, no cover",15.41666667,,,,,,,,,
748,11/08/2016,4,"Nothing, disturbed, cover",13.875,,,,,,,,,
749,11/08/2016,5,"Light water, no cover",14.8125,,,,,,,,,
750,11/08/2016,6,"No water, cover",15.0625,,,,,,,,,
751,11/08/2016,8,"No water, cover",13.47916667,,,,,,,,,
752,11/08/2016,9,"Saturated, no cover",15.25,,,,,,,,,
753,11/08/2016,10,"Light water, no cover",13.8125,,,,,,,,,
754,11/08/2016,11,"Saturated, cover",14.33333333,,,,,,,,,
755,11/08/2016,12,"No water, no cover",14.54166667,,,,,,,,,
756,11/08/2016,13,"No water, no cover",13.95833333,,,,,,,,,
757,11/08/2016,14,Ambient,14,,,,,,,,,
758,11/08/2016,15,"Saturated, cover",14.5,,,,,,,,,
759,11/08/2016,16,Ambient,14.41666667,,,,,,,,,
760,11/08/2016,17,"Nothing, disturbed, cover",16.16666667,,,,,,,,,
761,11/08/2016,18,"Nothing, disturbed, no cover",15.35416667,,,,,,,,,
762,11/08/2016,2,"Saturated, no cover",14.91666667,,,,,,,,,
763,12/08/2016,3,"Nothing, disturbed, no cover",12.9375,,,,,,,,,
764,12/08/2016,4,"Nothing, disturbed, cover",13.75,,,,,,,,,
765,12/08/2016,5,"Light water, no cover",13.64583333,,,,,,,,,
766,12/08/2016,6,"No water, cover",12.625,,,,,,,,,
767,12/08/2016,8,"No water, cover",14.10416667,,,,,,,,,
768,12/08/2016,9,"Saturated, no cover",12.5,,,,,,,,,
769,12/08/2016,10,"Light water, no cover",13.29166667,,,,,,,,,
770,12/08/2016,11,"Saturated, cover",13.5,,,,,,,,,
771,12/08/2016,12,"No water, no cover",12.6875,,,,,,,,,
772,12/08/2016,13,"No water, no cover",12.83333333,,,,,,,,,
773,12/08/2016,14,Ambient,13.3125,,,,,,,,,
774,12/08/2016,15,"Saturated, cover",13.0625,,,,,,,,,
775,12/08/2016,16,Ambient,14.45833333,,,,,,,,,
776,12/08/2016,17,"Nothing, disturbed, cover",14.20833333,,,,,,,,,
777,12/08/2016,18,"Nothing, disturbed, no cover",13.625,,,,,,,,,
778,13/08/2016,2,"Saturated, no cover",12.75,,,,,,,,,
779,13/08/2016,3,"Nothing, disturbed, no cover",13.375,,,,,,,,,
780,13/08/2016,4,"Nothing, disturbed, cover",13.5,,,,,,,,,
781,13/08/2016,5,"Light water, no cover",12.39583333,,,,,,,,,
782,13/08/2016,6,"No water, cover",13.8125,,,,,,,,,
783,13/08/2016,8,"No water, cover",12.41666667,,,,,,,,,
784,13/08/2016,9,"Saturated, no cover",13.125,,,,,,,,,
785,13/08/2016,10,"Light water, no cover",13.22916667,,,,,,,,,
786,13/08/2016,11,"Saturated, cover",12.54166667,,,,,,,,,
787,13/08/2016,12,"No water, no cover",12.66666667,,,,,,,,,
788,13/08/2016,13,"No water, no cover",13.08333333,,,,,,,,,
789,13/08/2016,14,Ambient,12.83333333,,,,,,,,,
790,13/08/2016,15,"Saturated, cover",14.375,,,,,,,,,
791,13/08/2016,16,Ambient,13.89583333,,,,,,,,,
792,13/08/2016,17,"Nothing, disturbed, cover",13.39583333,,,,,,,,,
793,14/08/2016,18,"Nothing, disturbed, no cover",13.375,,,,,,,,,
794,14/08/2016,2,"Saturated, no cover",14.54166667,,,,,,,,,
795,14/08/2016,3,"Nothing, disturbed, no cover",14.6875,,,,,,,,,
796,14/08/2016,4,"Nothing, disturbed, cover",13.4375,,,,,,,,,
797,14/08/2016,5,"Light water, no cover",14.16666667,,,,,,,,,
798,14/08/2016,6,"No water, cover",13.08333333,,,,,,,,,
799,14/08/2016,8,"No water, cover",13.08333333,,,,,,,,,
800,14/08/2016,9,"Saturated, no cover",13.16666667,,,,,,,,,
801,14/08/2016,10,"Light water, no cover",12.47916667,,,,,,,,,
802,14/08/2016,11,"Saturated, cover",12.66666667,,,,,,,,,
803,14/08/2016,12,"No water, no cover",14.16666667,,,,,,,,,
804,14/08/2016,13,"No water, no cover",13.83333333,,,,,,,,,
805,14/08/2016,14,Ambient,14.10416667,,,,,,,,,
806,14/08/2016,15,"Saturated, cover",14.52083333,,,,,,,,,
807,14/08/2016,16,Ambient,13.35416667,,,,,,,,,